{"myCollections":{"levelscollection":{"type":"LevelsCollection","properties":{"myObjects":[]}},"conditionscollection":{"type":"ConditionsCollection","properties":{"myObjects":[]}},"soundscollection":{"type":"SoundsCollection","properties":{"myObjects":[]}},"gameobjectscollection":{"type":"GameObjectsCollection","properties":{"myObjects":[]}},"imagescollection":{"type":"ImagesCollection","properties":{"myObjects":[]}}},"myLevels":{"myObjects":[{"myId":{"myType":"Level","myUniqueId":"0"},"myBackgroundImage":"overworld_bg.png","myBackgroundMusic":"SuperMarioBrosFull.mp3","myWidth":0,"myHeight":0,"myDefaultGameObjects":{"myObjects":[]},"myWorkingGameObjects":{"myObjects":[]},"myGameObjectIdList":[{"myType":"mario","myUniqueId":"a"},{"myType":"PlatformBlock","myUniqueId":"a"},{"myType":"PlatformBlock","myUniqueId":"b"},{"myType":"PlatformBlock","myUniqueId":"c"},{"myType":"PlatformBlock","myUniqueId":"d"},{"myType":"PlatformBlock","myUniqueId":"e"},{"myType":"goomba","myUniqueId":"a"},{"myType":"goomba","myUniqueId":"b"},{"myType":"goomba","myUniqueId":"c"},{"myType":"label","myUniqueId":"a"},{"myType":"label","myUniqueId":"b"},{"myType":"FloorBlock","myUniqueId":"Template"},{"myType":"FloorBlock","myUniqueId":"a"},{"myType":"FloorBlock","myUniqueId":"b"},{"myType":"FloorBlock","myUniqueId":"c"},{"myType":"QuestionBlock","myUniqueId":"a"},{"myType":"fireball","myUniqueId":"Template"},{"myType":"mushroom","myUniqueId":"Template"}],"myConditionIdList":[{"myType":"time_cond","myUniqueId":"a"},{"myType":"button_cond","myUniqueId":"a"},{"myType":"button_cond","myUniqueId":"d"},{"myType":"button_cond","myUniqueId":"n"},{"myType":"button_cond","myUniqueId":"r"},{"myType":"button_cond","myUniqueId":"h"},{"myType":"button_cond","myUniqueId":"w"},{"myType":"collision_cond","myUniqueId":"a"},{"myType":"collision_cond","myUniqueId":"b"},{"myType":"collision_cond","myUniqueId":"c"},{"myType":"collision_cond","myUniqueId":"a"},{"myType":"collision_cond","myUniqueId":"a"},{"myType":"collision_cond","myUniqueId":"a"},{"myType":"bound_scroll","myUniqueId":"a"}],"myStartLevelIndicator":true},{"myId":{"myType":"Level","myUniqueId":"1"},"myBackgroundImage":"overworld_bg.png","myWidth":0,"myHeight":0,"myDefaultGameObjects":{"myObjects":[]},"myWorkingGameObjects":{"myObjects":[]},"myGameObjectIdList":[{"myType":"mario","myUniqueId":"a"},{"myType":"PlatformBlock","myUniqueId":"a"},{"myType":"PlatformBlock","myUniqueId":"b"},{"myType":"PlatformBlock","myUniqueId":"c"},{"myType":"PlatformBlock","myUniqueId":"d"},{"myType":"PlatformBlock","myUniqueId":"e"},{"myType":"goomba","myUniqueId":"a"},{"myType":"goomba","myUniqueId":"b"},{"myType":"goomba","myUniqueId":"c"},{"myType":"label","myUniqueId":"a"},{"myType":"label","myUniqueId":"b"},{"myType":"FloorBlock","myUniqueId":"Template"},{"myType":"FloorBlock","myUniqueId":"a"},{"myType":"FloorBlock","myUniqueId":"b"},{"myType":"FloorBlock","myUniqueId":"c"},{"myType":"QuestionBlock","myUniqueId":"a"},{"myType":"fireball","myUniqueId":"Template"},{"myType":"mushroom","myUniqueId":"Template"}],"myConditionIdList":[{"myType":"time_cond","myUniqueId":"a"},{"myType":"button_cond","myUniqueId":"a"},{"myType":"button_cond","myUniqueId":"d"},{"myType":"button_cond","myUniqueId":"n"},{"myType":"button_cond","myUniqueId":"r"},{"myType":"button_cond","myUniqueId":"h"},{"myType":"button_cond","myUniqueId":"w"},{"myType":"collision_cond","myUniqueId":"a"},{"myType":"collision_cond","myUniqueId":"b"},{"myType":"collision_cond","myUniqueId":"c"},{"myType":"collision_cond","myUniqueId":"a"},{"myType":"collision_cond","myUniqueId":"a"},{"myType":"collision_cond","myUniqueId":"a"},{"myType":"bound_scroll","myUniqueId":"a"}],"myStartLevelIndicator":false}]},"myConditions":{"myObjects":[{"type":"TimeCondition","properties":{"myFrameCount":0,"myTargetFrameCount":1.0,"repeats":true,"expired":false,"myActions":[{"type":"TranslateXType","properties":{"myType":"fireball","myValue":2.0}},{"type":"TranslateXType","properties":{"myType":"goomba","myValue":-1.0}},{"type":"TranslateYType","properties":{"myType":"goomba","myValue":1.0}},{"type":"TranslateYType","properties":{"myType":"mario","myValue":1.0}},{"type":"XVelocityIDAction","properties":{"myValue":0.0,"myID":[{"myType":"mario","myUniqueId":"a"}]}}],"myEnabled":true,"myId":{"myType":"time_cond","myUniqueId":"a"}}},{"type":"ButtonPressCondition","properties":{"myKeyList":["A"],"myFramesElapsed":1000.0,"myTargetFrameCount":1.0,"myKeyRepeats":true,"myExpired":false,"myButtonActive":false,"myActions":[{"type":"XVelocityIDAction","properties":{"myValue":-100.0,"myID":[{"myType":"mario","myUniqueId":"a"}]}}],"myEnabled":true,"myId":{"myType":"button_cond","myUniqueId":"a"}}},{"type":"ButtonPressCondition","properties":{"myKeyList":["D"],"myFramesElapsed":1000.0,"myTargetFrameCount":1.0,"myKeyRepeats":true,"myExpired":false,"myButtonActive":false,"myActions":[{"type":"XVelocityIDAction","properties":{"myValue":100.0,"myID":[{"myType":"mario","myUniqueId":"a"}]}}],"myEnabled":true,"myId":{"myType":"button_cond","myUniqueId":"d"}}},{"type":"ButtonPressCondition","properties":{"myKeyList":["N"],"myFramesElapsed":1000.0,"myTargetFrameCount":5.0,"myKeyRepeats":true,"myExpired":false,"myButtonActive":false,"myActions":[{"type":"MakeNewObjectFromObjectAction","properties":{"objectID":{"myType":"mario","myUniqueId":"a"},"myType":"fireball"}}],"myEnabled":true,"myId":{"myType":"button_cond","myUniqueId":"n"}}},{"type":"ButtonPressCondition","properties":{"myKeyList":["R"],"myFramesElapsed":1000.0,"myTargetFrameCount":5.0,"myKeyRepeats":true,"myExpired":false,"myButtonActive":false,"myActions":[{"type":"MakeNewRandomObjectAction","properties":{"myLowerXBound":200.0,"myUpperXBound":200.0,"myLowerYBound":100.0,"myUpperYBound":400.0,"myType":"fireball"}}],"myEnabled":true,"myId":{"myType":"button_cond","myUniqueId":"r"}}},{"type":"ButtonPressCondition","properties":{"myKeyList":["H"],"myFramesElapsed":1000.0,"myTargetFrameCount":1.0,"myKeyRepeats":true,"myExpired":false,"myButtonActive":false,"myActions":[{"type":"DeleteTypeAction","properties":{"myType":"fireball"}}],"myEnabled":true,"myId":{"myType":"button_cond","myUniqueId":"h"}}},{"type":"ButtonPressCondition","properties":{"myKeyList":["W"],"myFramesElapsed":1000.0,"myTargetFrameCount":50.0,"myKeyRepeats":true,"myExpired":false,"myButtonActive":false,"myActions":[{"type":"YImpulseIDAction","properties":{"myValue":-200.0,"myID":[{"myType":"mario","myUniqueId":"a"}]}}],"myEnabled":true,"myId":{"myType":"button_cond","myUniqueId":"w"}}},{"type":"TypeCollisionCondition","properties":{"myCollisionMap":{},"firstCollisionType":"mario","secondCollisionType":"FloorBlock","myFrameCount":0,"myTargetFrameCount":1.0,"repeats":true,"expired":false,"myActions":[{"type":"FixedCollisionTypeAction","properties":{"myType":"mario","mySecondType":"FloorBlock","myValue":0.0}}],"myEnabled":true,"myId":{"myType":"collision_cond","myUniqueId":"a"}}},{"type":"TypeCollisionCondition","properties":{"myCollisionMap":{},"firstCollisionType":"goomba","secondCollisionType":"FloorBlock","myFrameCount":0,"myTargetFrameCount":1.0,"repeats":true,"expired":false,"myActions":[{"type":"FixedCollisionTypeAction","properties":{"myType":"goomba","mySecondType":"FloorBlock","myValue":0.0}}],"myEnabled":true,"myId":{"myType":"collision_cond","myUniqueId":"b"}}},{"type":"TypeCollisionCondition","properties":{"myCollisionMap":{},"firstCollisionType":"mario","secondCollisionType":"PlatformBlock","myFrameCount":0,"myTargetFrameCount":1.0,"repeats":true,"expired":false,"myActions":[{"type":"FixedCollisionTypeAction","properties":{"myType":"mario","mySecondType":"PlatformBlock","myValue":0.0}}],"myEnabled":true,"myId":{"myType":"collision_cond","myUniqueId":"c"}}},{"type":"TypeCollisionCondition","properties":{"myCollisionMap":{},"firstCollisionType":"fireball","secondCollisionType":"goomba","myFrameCount":0,"myTargetFrameCount":1.0,"repeats":true,"expired":false,"myActions":[{"type":"DeleteInteractingObjectsAction","properties":{"myType":"goomba"}},{"type":"DeleteTypeAction","properties":{"myType":"fireball"}}],"myEnabled":true,"myId":{"myType":"collision_cond","myUniqueId":"a"}}},{"type":"TypeCollisionCondition","properties":{"myCollisionMap":{},"firstCollisionType":"mario","secondCollisionType":"goomba","myFrameCount":0,"myTargetFrameCount":1.0,"repeats":true,"expired":false,"myActions":[{"type":"DeleteInteractingObjectsAction","properties":{"myType":"mario"}}],"myEnabled":true,"myId":{"myType":"collision_cond","myUniqueId":"a"}}},{"type":"TypeCollisionCondition","properties":{"myCollisionMap":{},"firstCollisionType":"mario","secondCollisionType":"QuestionBlock","myFrameCount":0,"myTargetFrameCount":1.0,"repeats":true,"expired":false,"myActions":[{"type":"FixedCollisionTypeAction","properties":{"myType":"mario","mySecondType":"PlatformBlock","myValue":0.0}}],"myEnabled":true,"myId":{"myType":"collision_cond","myUniqueId":"a"}}},{"type":"BoundaryConditionX","properties":{"myBoundary":300.0,"myRightTrigger":true,"myGameObjects":{"myObjects":[]},"myGameObjectIDs":[{"myType":"mario","myUniqueId":"a"}],"myActions":[{"type":"TranslateXType","properties":{"myType":"mario","myValue":0.0}},{"type":"TranslateXType","properties":{"myType":"FloorBlock","myValue":-1.0}},{"type":"TranslateXType","properties":{"myType":"PlatformBlock","myValue":-1.0}},{"type":"TranslateXType","properties":{"myType":"QuestionBlock","myValue":-1.0}},{"type":"TranslateXType","properties":{"myType":"mushroom","myValue":-1.0}},{"type":"TranslateXType","properties":{"myType":"fireball","myValue":-1.0}},{"type":"TranslateXType","properties":{"myType":"goomba","myValue":-1.0}}],"myEnabled":true,"myId":{"myType":"bound_scroll","myUniqueId":"a"}}}]},"myGameObjects":{"myObjects":[{"myRotation":0.0,"myCurrentImageName":"Mario.gif","myID":"mario","myPhysicsBody":{"myImpulses":[],"myAcceleration":{"myXComponent":0.0,"myYComponent":0.0,"myMagnitude":0.0},"myVelocity":{"myXComponent":0.0,"myYComponent":0.0,"myMagnitude":0.0},"haveForcesChanged":false,"myBalancedForcesMag":{"myXComponent":0.0,"myYComponent":196.0,"myMagnitude":196.0},"myActiveForces":{"Buoyancy":{"type":"Buoyancy","properties":{"myForceValue":9.8,"myValues":{"Volume":1.0,"Density":1.0},"myXComponent":0.0,"myYComponent":0.0,"myMagnitude":9.8}},"Gravity":{"type":"Gravity","properties":{"myForceValue":196.0,"myValues":{"Mass":1.0,"GravityConstant":20.0},"myXComponent":0.0,"myYComponent":1.0,"myMagnitude":196.0}}},"myConstants":{"Mass":{"type":"Mass","properties":{"myValue":1.0,"myAssociatedForces":["Gravity"]}},"Volume":{"type":"Volume","properties":{"myValue":1.0,"myAssociatedForces":["Buoyancy"]}},"CollisionConstant":{"type":"CollisionConstant","properties":{"myValue":0.0,"myAssociatedForces":[]}},"GravityConstant":{"type":"GravityConstant","properties":{"myValue":20.0,"myAssociatedForces":["Gravity"]}},"Density":{"type":"Density","properties":{"myValue":1.0,"myAssociatedForces":["Buoyancy"]}}},"myCollisionBodyWidth":30.0,"myCollisionBodyHeight":30.0},"myHeight":30.0,"myWidth":30.0,"myXCoord":50.0,"myYCoord":330.0,"myCollision":false,"enabled":false,"myDefaultData":{"myRotation":0.0,"myHeight":30.0,"myWidth":30.0,"myXCoord":50.0,"myYCoord":330.0,"myCurrentImageName":"Mario.gif","myComponents":[]},"myId":{"myType":"mario","myUniqueId":"a"},"collisionEnabled":false},{"myRotation":0.0,"myCurrentImageName":"BrickBlock_NSMB.png","myID":"PlatformBlock1","myPhysicsBody":{"myImpulses":[],"myAcceleration":{"myXComponent":0.0,"myYComponent":0.0,"myMagnitude":0.0},"myVelocity":{"myXComponent":0.0,"myYComponent":0.0,"myMagnitude":0.0},"haveForcesChanged":false,"myBalancedForcesMag":{"myXComponent":0.0,"myYComponent":0.0,"myMagnitude":0.0},"myActiveForces":{"Buoyancy":{"type":"Buoyancy","properties":{"myForceValue":9.8,"myValues":{"Volume":1.0,"Density":1.0},"myXComponent":0.0,"myYComponent":0.0,"myMagnitude":9.8}},"Gravity":{"type":"Gravity","properties":{"myForceValue":9.8,"myValues":{"Mass":1.0,"GravityConstant":1.0},"myXComponent":0.0,"myYComponent":0.0,"myMagnitude":0.0}}},"myConstants":{"Mass":{"type":"Mass","properties":{"myValue":1.0,"myAssociatedForces":["Gravity"]}},"Volume":{"type":"Volume","properties":{"myValue":1.0,"myAssociatedForces":["Buoyancy"]}},"CollisionConstant":{"type":"CollisionConstant","properties":{"myValue":1.0,"myAssociatedForces":[]}},"GravityConstant":{"type":"GravityConstant","properties":{"myValue":1.0,"myAssociatedForces":["Gravity"]}},"Density":{"type":"Density","properties":{"myValue":1.0,"myAssociatedForces":["Buoyancy"]}}},"myCollisionBodyWidth":50.0,"myCollisionBodyHeight":50.0},"myHeight":50.0,"myWidth":50.0,"myXCoord":300.0,"myYCoord":180.0,"myCollision":false,"enabled":false,"myDefaultData":{"myRotation":0.0,"myHeight":50.0,"myWidth":50.0,"myXCoord":300.0,"myYCoord":180.0,"myCurrentImageName":"BrickBlock_NSMB.png","myComponents":[]},"myId":{"myType":"PlatformBlock","myUniqueId":"a"},"collisionEnabled":false},{"myRotation":0.0,"myCurrentImageName":"BrickBlock_NSMB.png","myID":"PlatformBlock2","myPhysicsBody":{"myImpulses":[],"myAcceleration":{"myXComponent":0.0,"myYComponent":0.0,"myMagnitude":0.0},"myVelocity":{"myXComponent":0.0,"myYComponent":0.0,"myMagnitude":0.0},"haveForcesChanged":false,"myBalancedForcesMag":{"myXComponent":0.0,"myYComponent":0.0,"myMagnitude":0.0},"myActiveForces":{"Buoyancy":{"type":"Buoyancy","properties":{"myForceValue":9.8,"myValues":{"Volume":1.0,"Density":1.0},"myXComponent":0.0,"myYComponent":0.0,"myMagnitude":9.8}},"Gravity":{"type":"Gravity","properties":{"myForceValue":9.8,"myValues":{"Mass":1.0,"GravityConstant":1.0},"myXComponent":0.0,"myYComponent":0.0,"myMagnitude":0.0}}},"myConstants":{"Mass":{"type":"Mass","properties":{"myValue":1.0,"myAssociatedForces":["Gravity"]}},"Volume":{"type":"Volume","properties":{"myValue":1.0,"myAssociatedForces":["Buoyancy"]}},"CollisionConstant":{"type":"CollisionConstant","properties":{"myValue":1.0,"myAssociatedForces":[]}},"GravityConstant":{"type":"GravityConstant","properties":{"myValue":1.0,"myAssociatedForces":["Gravity"]}},"Density":{"type":"Density","properties":{"myValue":1.0,"myAssociatedForces":["Buoyancy"]}}},"myCollisionBodyWidth":50.0,"myCollisionBodyHeight":50.0},"myHeight":50.0,"myWidth":50.0,"myXCoord":351.0,"myYCoord":180.0,"myCollision":false,"enabled":false,"myDefaultData":{"myRotation":0.0,"myHeight":50.0,"myWidth":50.0,"myXCoord":351.0,"myYCoord":180.0,"myCurrentImageName":"BrickBlock_NSMB.png","myComponents":[]},"myId":{"myType":"PlatformBlock","myUniqueId":"b"},"collisionEnabled":false},{"myRotation":0.0,"myCurrentImageName":"BrickBlock_NSMB.png","myID":"PlatformBlock2","myPhysicsBody":{"myImpulses":[],"myAcceleration":{"myXComponent":0.0,"myYComponent":0.0,"myMagnitude":0.0},"myVelocity":{"myXComponent":0.0,"myYComponent":0.0,"myMagnitude":0.0},"haveForcesChanged":false,"myBalancedForcesMag":{"myXComponent":0.0,"myYComponent":0.0,"myMagnitude":0.0},"myActiveForces":{"Buoyancy":{"type":"Buoyancy","properties":{"myForceValue":9.8,"myValues":{"Volume":1.0,"Density":1.0},"myXComponent":0.0,"myYComponent":0.0,"myMagnitude":9.8}},"Gravity":{"type":"Gravity","properties":{"myForceValue":9.8,"myValues":{"Mass":1.0,"GravityConstant":1.0},"myXComponent":0.0,"myYComponent":0.0,"myMagnitude":0.0}}},"myConstants":{"Mass":{"type":"Mass","properties":{"myValue":1.0,"myAssociatedForces":["Gravity"]}},"Volume":{"type":"Volume","properties":{"myValue":1.0,"myAssociatedForces":["Buoyancy"]}},"CollisionConstant":{"type":"CollisionConstant","properties":{"myValue":1.0,"myAssociatedForces":[]}},"GravityConstant":{"type":"GravityConstant","properties":{"myValue":1.0,"myAssociatedForces":["Gravity"]}},"Density":{"type":"Density","properties":{"myValue":1.0,"myAssociatedForces":["Buoyancy"]}}},"myCollisionBodyWidth":50.0,"myCollisionBodyHeight":50.0},"myHeight":50.0,"myWidth":50.0,"myXCoord":402.0,"myYCoord":180.0,"myCollision":false,"enabled":false,"myDefaultData":{"myRotation":0.0,"myHeight":50.0,"myWidth":50.0,"myXCoord":402.0,"myYCoord":180.0,"myCurrentImageName":"BrickBlock_NSMB.png","myComponents":[]},"myId":{"myType":"PlatformBlock","myUniqueId":"c"},"collisionEnabled":false},{"myRotation":0.0,"myCurrentImageName":"BrickBlock_NSMB.png","myID":"PlatformBlock3","myPhysicsBody":{"myImpulses":[],"myAcceleration":{"myXComponent":0.0,"myYComponent":0.0,"myMagnitude":0.0},"myVelocity":{"myXComponent":0.0,"myYComponent":0.0,"myMagnitude":0.0},"haveForcesChanged":false,"myBalancedForcesMag":{"myXComponent":0.0,"myYComponent":0.0,"myMagnitude":0.0},"myActiveForces":{"Buoyancy":{"type":"Buoyancy","properties":{"myForceValue":9.8,"myValues":{"Volume":1.0,"Density":1.0},"myXComponent":0.0,"myYComponent":0.0,"myMagnitude":9.8}},"Gravity":{"type":"Gravity","properties":{"myForceValue":9.8,"myValues":{"Mass":1.0,"GravityConstant":1.0},"myXComponent":0.0,"myYComponent":0.0,"myMagnitude":0.0}}},"myConstants":{"Mass":{"type":"Mass","properties":{"myValue":1.0,"myAssociatedForces":["Gravity"]}},"Volume":{"type":"Volume","properties":{"myValue":1.0,"myAssociatedForces":["Buoyancy"]}},"CollisionConstant":{"type":"CollisionConstant","properties":{"myValue":1.0,"myAssociatedForces":[]}},"GravityConstant":{"type":"GravityConstant","properties":{"myValue":1.0,"myAssociatedForces":["Gravity"]}},"Density":{"type":"Density","properties":{"myValue":1.0,"myAssociatedForces":["Buoyancy"]}}},"myCollisionBodyWidth":50.0,"myCollisionBodyHeight":50.0},"myHeight":50.0,"myWidth":50.0,"myXCoord":453.0,"myYCoord":180.0,"myCollision":false,"enabled":false,"myDefaultData":{"myRotation":0.0,"myHeight":50.0,"myWidth":50.0,"myXCoord":453.0,"myYCoord":180.0,"myCurrentImageName":"BrickBlock_NSMB.png","myComponents":[]},"myId":{"myType":"PlatformBlock","myUniqueId":"d"},"collisionEnabled":false},{"myRotation":0.0,"myCurrentImageName":"BrickBlock_NSMB.png","myID":"PlatformBlock5","myPhysicsBody":{"myImpulses":[],"myAcceleration":{"myXComponent":0.0,"myYComponent":0.0,"myMagnitude":0.0},"myVelocity":{"myXComponent":0.0,"myYComponent":0.0,"myMagnitude":0.0},"haveForcesChanged":false,"myBalancedForcesMag":{"myXComponent":0.0,"myYComponent":0.0,"myMagnitude":0.0},"myActiveForces":{"Buoyancy":{"type":"Buoyancy","properties":{"myForceValue":9.8,"myValues":{"Volume":1.0,"Density":1.0},"myXComponent":0.0,"myYComponent":0.0,"myMagnitude":9.8}},"Gravity":{"type":"Gravity","properties":{"myForceValue":9.8,"myValues":{"Mass":1.0,"GravityConstant":1.0},"myXComponent":0.0,"myYComponent":0.0,"myMagnitude":0.0}}},"myConstants":{"Mass":{"type":"Mass","properties":{"myValue":1.0,"myAssociatedForces":["Gravity"]}},"Volume":{"type":"Volume","properties":{"myValue":1.0,"myAssociatedForces":["Buoyancy"]}},"CollisionConstant":{"type":"CollisionConstant","properties":{"myValue":1.0,"myAssociatedForces":[]}},"GravityConstant":{"type":"GravityConstant","properties":{"myValue":1.0,"myAssociatedForces":["Gravity"]}},"Density":{"type":"Density","properties":{"myValue":1.0,"myAssociatedForces":["Buoyancy"]}}},"myCollisionBodyWidth":50.0,"myCollisionBodyHeight":50.0},"myHeight":50.0,"myWidth":50.0,"myXCoord":503.0,"myYCoord":180.0,"myCollision":false,"enabled":false,"myDefaultData":{"myRotation":0.0,"myHeight":50.0,"myWidth":50.0,"myXCoord":503.0,"myYCoord":180.0,"myCurrentImageName":"BrickBlock_NSMB.png","myComponents":[]},"myId":{"myType":"PlatformBlock","myUniqueId":"e"},"collisionEnabled":false},{"myRotation":0.0,"myCurrentImageName":"Goomba.gif","myID":"goomba","myPhysicsBody":{"myImpulses":[],"myAcceleration":{"myXComponent":0.0,"myYComponent":0.0,"myMagnitude":0.0},"myVelocity":{"myXComponent":0.0,"myYComponent":0.0,"myMagnitude":0.0},"haveForcesChanged":false,"myBalancedForcesMag":{"myXComponent":0.0,"myYComponent":98.0,"myMagnitude":98.0},"myActiveForces":{"Buoyancy":{"type":"Buoyancy","properties":{"myForceValue":9.8,"myValues":{"Volume":1.0,"Density":1.0},"myXComponent":0.0,"myYComponent":0.0,"myMagnitude":9.8}},"Gravity":{"type":"Gravity","properties":{"myForceValue":98.0,"myValues":{"Mass":1.0,"GravityConstant":10.0},"myXComponent":0.0,"myYComponent":1.0,"myMagnitude":98.0}}},"myConstants":{"Mass":{"type":"Mass","properties":{"myValue":1.0,"myAssociatedForces":["Gravity"]}},"Volume":{"type":"Volume","properties":{"myValue":1.0,"myAssociatedForces":["Buoyancy"]}},"CollisionConstant":{"type":"CollisionConstant","properties":{"myValue":0.0,"myAssociatedForces":[]}},"GravityConstant":{"type":"GravityConstant","properties":{"myValue":10.0,"myAssociatedForces":["Gravity"]}},"Density":{"type":"Density","properties":{"myValue":1.0,"myAssociatedForces":["Buoyancy"]}}},"myCollisionBodyWidth":30.0,"myCollisionBodyHeight":30.0},"myHeight":30.0,"myWidth":30.0,"myXCoord":500.0,"myYCoord":150.0,"myCollision":false,"enabled":false,"myDefaultData":{"myRotation":0.0,"myHeight":30.0,"myWidth":30.0,"myXCoord":500.0,"myYCoord":150.0,"myCurrentImageName":"Goomba.gif","myComponents":[]},"myId":{"myType":"goomba","myUniqueId":"a"},"collisionEnabled":false},{"myRotation":0.0,"myCurrentImageName":"Goomba.gif","myID":"goomba","myPhysicsBody":{"myImpulses":[],"myAcceleration":{"myXComponent":0.0,"myYComponent":0.0,"myMagnitude":0.0},"myVelocity":{"myXComponent":0.0,"myYComponent":0.0,"myMagnitude":0.0},"haveForcesChanged":false,"myBalancedForcesMag":{"myXComponent":0.0,"myYComponent":490.00000000000006,"myMagnitude":490.00000000000006},"myActiveForces":{"Buoyancy":{"type":"Buoyancy","properties":{"myForceValue":9.8,"myValues":{"Volume":1.0,"Density":1.0},"myXComponent":0.0,"myYComponent":0.0,"myMagnitude":9.8}},"Gravity":{"type":"Gravity","properties":{"myForceValue":490.00000000000006,"myValues":{"Mass":1.0,"GravityConstant":50.0},"myXComponent":0.0,"myYComponent":1.0,"myMagnitude":490.00000000000006}}},"myConstants":{"Mass":{"type":"Mass","properties":{"myValue":1.0,"myAssociatedForces":["Gravity"]}},"Volume":{"type":"Volume","properties":{"myValue":1.0,"myAssociatedForces":["Buoyancy"]}},"CollisionConstant":{"type":"CollisionConstant","properties":{"myValue":0.0,"myAssociatedForces":[]}},"GravityConstant":{"type":"GravityConstant","properties":{"myValue":50.0,"myAssociatedForces":["Gravity"]}},"Density":{"type":"Density","properties":{"myValue":1.0,"myAssociatedForces":["Buoyancy"]}}},"myCollisionBodyWidth":30.0,"myCollisionBodyHeight":30.0},"myHeight":30.0,"myWidth":30.0,"myXCoord":800.0,"myYCoord":150.0,"myCollision":false,"enabled":false,"myDefaultData":{"myRotation":0.0,"myHeight":30.0,"myWidth":30.0,"myXCoord":800.0,"myYCoord":150.0,"myCurrentImageName":"Goomba.gif","myComponents":[]},"myId":{"myType":"goomba","myUniqueId":"b"},"collisionEnabled":false},{"myRotation":0.0,"myCurrentImageName":"Goomba.gif","myID":"goomba","myPhysicsBody":{"myImpulses":[],"myAcceleration":{"myXComponent":0.0,"myYComponent":0.0,"myMagnitude":0.0},"myVelocity":{"myXComponent":0.0,"myYComponent":0.0,"myMagnitude":0.0},"haveForcesChanged":false,"myBalancedForcesMag":{"myXComponent":0.0,"myYComponent":490.00000000000006,"myMagnitude":490.00000000000006},"myActiveForces":{"Buoyancy":{"type":"Buoyancy","properties":{"myForceValue":9.8,"myValues":{"Volume":1.0,"Density":1.0},"myXComponent":0.0,"myYComponent":0.0,"myMagnitude":9.8}},"Gravity":{"type":"Gravity","properties":{"myForceValue":490.00000000000006,"myValues":{"Mass":1.0,"GravityConstant":50.0},"myXComponent":0.0,"myYComponent":1.0,"myMagnitude":490.00000000000006}}},"myConstants":{"Mass":{"type":"Mass","properties":{"myValue":1.0,"myAssociatedForces":["Gravity"]}},"Volume":{"type":"Volume","properties":{"myValue":1.0,"myAssociatedForces":["Buoyancy"]}},"CollisionConstant":{"type":"CollisionConstant","properties":{"myValue":0.0,"myAssociatedForces":[]}},"GravityConstant":{"type":"GravityConstant","properties":{"myValue":50.0,"myAssociatedForces":["Gravity"]}},"Density":{"type":"Density","properties":{"myValue":1.0,"myAssociatedForces":["Buoyancy"]}}},"myCollisionBodyWidth":30.0,"myCollisionBodyHeight":30.0},"myHeight":30.0,"myWidth":30.0,"myXCoord":1200.0,"myYCoord":150.0,"myCollision":false,"enabled":false,"myDefaultData":{"myRotation":0.0,"myHeight":30.0,"myWidth":30.0,"myXCoord":1200.0,"myYCoord":150.0,"myCurrentImageName":"Goomba.gif","myComponents":[]},"myId":{"myType":"goomba","myUniqueId":"c"},"collisionEnabled":false},{"myRotation":0.0,"myID":"label","myLabel":"Points:","myHeight":30.0,"myWidth":70.0,"myXCoord":0.0,"myYCoord":0.0,"myCollision":false,"enabled":false,"myDefaultData":{"myRotation":0.0,"myHeight":30.0,"myWidth":70.0,"myXCoord":0.0,"myYCoord":0.0,"myComponents":[]},"myId":{"myType":"label","myUniqueId":"a"},"collisionEnabled":false},{"myRotation":0.0,"myID":"label","myLabel":"0","myHeight":30.0,"myWidth":30.0,"myXCoord":71.0,"myYCoord":0.0,"myCollision":false,"enabled":false,"myDefaultData":{"myRotation":0.0,"myHeight":30.0,"myWidth":30.0,"myXCoord":71.0,"myYCoord":0.0,"myComponents":[]},"myId":{"myType":"label","myUniqueId":"b"},"collisionEnabled":false},{"myRotation":0.0,"myCurrentImageName":"floor3.png","myID":"FloorBlock1","myPhysicsBody":{"myImpulses":[],"myAcceleration":{"myXComponent":0.0,"myYComponent":0.0,"myMagnitude":0.0},"myVelocity":{"myXComponent":0.0,"myYComponent":0.0,"myMagnitude":0.0},"haveForcesChanged":false,"myBalancedForcesMag":{"myXComponent":0.0,"myYComponent":0.0,"myMagnitude":0.0},"myActiveForces":{"Buoyancy":{"type":"Buoyancy","properties":{"myForceValue":9.8,"myValues":{"Volume":1.0,"Density":1.0},"myXComponent":0.0,"myYComponent":0.0,"myMagnitude":9.8}},"Gravity":{"type":"Gravity","properties":{"myForceValue":9.8,"myValues":{"Mass":1.0,"GravityConstant":1.0},"myXComponent":0.0,"myYComponent":0.0,"myMagnitude":0.0}}},"myConstants":{"Mass":{"type":"Mass","properties":{"myValue":1.0,"myAssociatedForces":["Gravity"]}},"Volume":{"type":"Volume","properties":{"myValue":1.0,"myAssociatedForces":["Buoyancy"]}},"CollisionConstant":{"type":"CollisionConstant","properties":{"myValue":1.0,"myAssociatedForces":[]}},"GravityConstant":{"type":"GravityConstant","properties":{"myValue":1.0,"myAssociatedForces":["Gravity"]}},"Density":{"type":"Density","properties":{"myValue":1.0,"myAssociatedForces":["Buoyancy"]}}},"myCollisionBodyWidth":800.0,"myCollisionBodyHeight":400.0},"myHeight":400.0,"myWidth":800.0,"myXCoord":1.0,"myYCoord":347.0,"myCollision":false,"enabled":false,"myDefaultData":{"myRotation":0.0,"myHeight":400.0,"myWidth":800.0,"myXCoord":1.0,"myYCoord":347.0,"myCurrentImageName":"floor3.png","myComponents":[]},"myId":{"myType":"FloorBlock","myUniqueId":"Template"},"collisionEnabled":false},{"myRotation":0.0,"myCurrentImageName":"floor3.png","myID":"FloorBlock2","myPhysicsBody":{"myImpulses":[],"myAcceleration":{"myXComponent":0.0,"myYComponent":0.0,"myMagnitude":0.0},"myVelocity":{"myXComponent":0.0,"myYComponent":0.0,"myMagnitude":0.0},"haveForcesChanged":false,"myBalancedForcesMag":{"myXComponent":0.0,"myYComponent":0.0,"myMagnitude":0.0},"myActiveForces":{"Buoyancy":{"type":"Buoyancy","properties":{"myForceValue":9.8,"myValues":{"Volume":1.0,"Density":1.0},"myXComponent":0.0,"myYComponent":0.0,"myMagnitude":9.8}},"Gravity":{"type":"Gravity","properties":{"myForceValue":9.8,"myValues":{"Mass":1.0,"GravityConstant":1.0},"myXComponent":0.0,"myYComponent":0.0,"myMagnitude":0.0}}},"myConstants":{"Mass":{"type":"Mass","properties":{"myValue":1.0,"myAssociatedForces":["Gravity"]}},"Volume":{"type":"Volume","properties":{"myValue":1.0,"myAssociatedForces":["Buoyancy"]}},"CollisionConstant":{"type":"CollisionConstant","properties":{"myValue":1.0,"myAssociatedForces":[]}},"GravityConstant":{"type":"GravityConstant","properties":{"myValue":1.0,"myAssociatedForces":["Gravity"]}},"Density":{"type":"Density","properties":{"myValue":1.0,"myAssociatedForces":["Buoyancy"]}}},"myCollisionBodyWidth":800.0,"myCollisionBodyHeight":400.0},"myHeight":400.0,"myWidth":800.0,"myXCoord":401.0,"myYCoord":347.0,"myCollision":false,"enabled":false,"myDefaultData":{"myRotation":0.0,"myHeight":400.0,"myWidth":800.0,"myXCoord":401.0,"myYCoord":347.0,"myCurrentImageName":"floor3.png","myComponents":[]},"myId":{"myType":"FloorBlock","myUniqueId":"a"},"collisionEnabled":false},{"myRotation":0.0,"myCurrentImageName":"floor3.png","myID":"FloorBlock2","myPhysicsBody":{"myImpulses":[],"myAcceleration":{"myXComponent":0.0,"myYComponent":0.0,"myMagnitude":0.0},"myVelocity":{"myXComponent":0.0,"myYComponent":0.0,"myMagnitude":0.0},"haveForcesChanged":false,"myBalancedForcesMag":{"myXComponent":0.0,"myYComponent":0.0,"myMagnitude":0.0},"myActiveForces":{"Buoyancy":{"type":"Buoyancy","properties":{"myForceValue":9.8,"myValues":{"Volume":1.0,"Density":1.0},"myXComponent":0.0,"myYComponent":0.0,"myMagnitude":9.8}},"Gravity":{"type":"Gravity","properties":{"myForceValue":9.8,"myValues":{"Mass":1.0,"GravityConstant":1.0},"myXComponent":0.0,"myYComponent":0.0,"myMagnitude":0.0}}},"myConstants":{"Mass":{"type":"Mass","properties":{"myValue":1.0,"myAssociatedForces":["Gravity"]}},"Volume":{"type":"Volume","properties":{"myValue":1.0,"myAssociatedForces":["Buoyancy"]}},"CollisionConstant":{"type":"CollisionConstant","properties":{"myValue":1.0,"myAssociatedForces":[]}},"GravityConstant":{"type":"GravityConstant","properties":{"myValue":1.0,"myAssociatedForces":["Gravity"]}},"Density":{"type":"Density","properties":{"myValue":1.0,"myAssociatedForces":["Buoyancy"]}}},"myCollisionBodyWidth":800.0,"myCollisionBodyHeight":400.0},"myHeight":400.0,"myWidth":800.0,"myXCoord":801.0,"myYCoord":347.0,"myCollision":false,"enabled":false,"myDefaultData":{"myRotation":0.0,"myHeight":400.0,"myWidth":800.0,"myXCoord":801.0,"myYCoord":347.0,"myCurrentImageName":"floor3.png","myComponents":[]},"myId":{"myType":"FloorBlock","myUniqueId":"b"},"collisionEnabled":false},{"myRotation":0.0,"myCurrentImageName":"floor3.png","myID":"FloorBlock2","myPhysicsBody":{"myImpulses":[],"myAcceleration":{"myXComponent":0.0,"myYComponent":0.0,"myMagnitude":0.0},"myVelocity":{"myXComponent":0.0,"myYComponent":0.0,"myMagnitude":0.0},"haveForcesChanged":false,"myBalancedForcesMag":{"myXComponent":0.0,"myYComponent":0.0,"myMagnitude":0.0},"myActiveForces":{"Buoyancy":{"type":"Buoyancy","properties":{"myForceValue":9.8,"myValues":{"Volume":1.0,"Density":1.0},"myXComponent":0.0,"myYComponent":0.0,"myMagnitude":9.8}},"Gravity":{"type":"Gravity","properties":{"myForceValue":9.8,"myValues":{"Mass":1.0,"GravityConstant":1.0},"myXComponent":0.0,"myYComponent":0.0,"myMagnitude":0.0}}},"myConstants":{"Mass":{"type":"Mass","properties":{"myValue":1.0,"myAssociatedForces":["Gravity"]}},"Volume":{"type":"Volume","properties":{"myValue":1.0,"myAssociatedForces":["Buoyancy"]}},"CollisionConstant":{"type":"CollisionConstant","properties":{"myValue":1.0,"myAssociatedForces":[]}},"GravityConstant":{"type":"GravityConstant","properties":{"myValue":1.0,"myAssociatedForces":["Gravity"]}},"Density":{"type":"Density","properties":{"myValue":1.0,"myAssociatedForces":["Buoyancy"]}}},"myCollisionBodyWidth":800.0,"myCollisionBodyHeight":400.0},"myHeight":400.0,"myWidth":800.0,"myXCoord":1201.0,"myYCoord":347.0,"myCollision":false,"enabled":false,"myDefaultData":{"myRotation":0.0,"myHeight":400.0,"myWidth":800.0,"myXCoord":1201.0,"myYCoord":347.0,"myCurrentImageName":"floor3.png","myComponents":[]},"myId":{"myType":"FloorBlock","myUniqueId":"c"},"collisionEnabled":false},{"myRotation":0.0,"myCurrentImageName":"Question Block.gif","myID":"QuestionBlock1","myPhysicsBody":{"myImpulses":[],"myAcceleration":{"myXComponent":0.0,"myYComponent":0.0,"myMagnitude":0.0},"myVelocity":{"myXComponent":0.0,"myYComponent":0.0,"myMagnitude":0.0},"haveForcesChanged":false,"myBalancedForcesMag":{"myXComponent":0.0,"myYComponent":0.0,"myMagnitude":0.0},"myActiveForces":{"Buoyancy":{"type":"Buoyancy","properties":{"myForceValue":9.8,"myValues":{"Volume":1.0,"Density":1.0},"myXComponent":0.0,"myYComponent":0.0,"myMagnitude":9.8}},"Gravity":{"type":"Gravity","properties":{"myForceValue":9.8,"myValues":{"Mass":1.0,"GravityConstant":1.0},"myXComponent":0.0,"myYComponent":0.0,"myMagnitude":0.0}}},"myConstants":{"Mass":{"type":"Mass","properties":{"myValue":1.0,"myAssociatedForces":["Gravity"]}},"Volume":{"type":"Volume","properties":{"myValue":1.0,"myAssociatedForces":["Buoyancy"]}},"CollisionConstant":{"type":"CollisionConstant","properties":{"myValue":1.0,"myAssociatedForces":[]}},"GravityConstant":{"type":"GravityConstant","properties":{"myValue":1.0,"myAssociatedForces":["Gravity"]}},"Density":{"type":"Density","properties":{"myValue":1.0,"myAssociatedForces":["Buoyancy"]}}},"myCollisionBodyWidth":50.0,"myCollisionBodyHeight":50.0},"myHeight":50.0,"myWidth":50.0,"myXCoord":453.0,"myYCoord":180.0,"myCollision":false,"enabled":false,"myDefaultData":{"myRotation":0.0,"myHeight":50.0,"myWidth":50.0,"myXCoord":453.0,"myYCoord":180.0,"myCurrentImageName":"Question Block.gif","myComponents":[]},"myId":{"myType":"QuestionBlock","myUniqueId":"a"},"collisionEnabled":false},{"myRotation":0.0,"myCurrentImageName":"mario_fireball.gif","myID":"fireball","myPhysicsBody":{"myImpulses":[],"myAcceleration":{"myXComponent":0.0,"myYComponent":0.0,"myMagnitude":0.0},"myVelocity":{"myXComponent":0.0,"myYComponent":0.0,"myMagnitude":0.0},"haveForcesChanged":false,"myBalancedForcesMag":{"myXComponent":0.0,"myYComponent":0.0,"myMagnitude":0.0},"myActiveForces":{"Buoyancy":{"type":"Buoyancy","properties":{"myForceValue":9.8,"myValues":{"Volume":1.0,"Density":1.0},"myXComponent":0.0,"myYComponent":0.0,"myMagnitude":9.8}},"Gravity":{"type":"Gravity","properties":{"myForceValue":9.8,"myValues":{"Mass":1.0,"GravityConstant":1.0},"myXComponent":0.0,"myYComponent":0.0,"myMagnitude":0.0}}},"myConstants":{"Mass":{"type":"Mass","properties":{"myValue":1.0,"myAssociatedForces":["Gravity"]}},"Volume":{"type":"Volume","properties":{"myValue":1.0,"myAssociatedForces":["Buoyancy"]}},"CollisionConstant":{"type":"CollisionConstant","properties":{"myValue":0.0,"myAssociatedForces":[]}},"GravityConstant":{"type":"GravityConstant","properties":{"myValue":1.0,"myAssociatedForces":["Gravity"]}},"Density":{"type":"Density","properties":{"myValue":1.0,"myAssociatedForces":["Buoyancy"]}}},"myCollisionBodyWidth":10.0,"myCollisionBodyHeight":10.0},"myHeight":30.0,"myWidth":30.0,"myXCoord":400.0,"myYCoord":400.0,"myCollision":false,"enabled":false,"myDefaultData":{"myRotation":0.0,"myHeight":30.0,"myWidth":30.0,"myXCoord":400.0,"myYCoord":400.0,"myCurrentImageName":"mario_fireball.gif","myComponents":[]},"myId":{"myType":"fireball","myUniqueId":"Template"},"collisionEnabled":false},{"myRotation":0.0,"myCurrentImageName":"1-Up Mushroom.gif","myID":"mushroom","myPhysicsBody":{"myImpulses":[],"myAcceleration":{"myXComponent":0.0,"myYComponent":0.0,"myMagnitude":0.0},"myVelocity":{"myXComponent":0.0,"myYComponent":0.0,"myMagnitude":0.0},"haveForcesChanged":false,"myBalancedForcesMag":{"myXComponent":0.0,"myYComponent":98.0,"myMagnitude":98.0},"myActiveForces":{"Buoyancy":{"type":"Buoyancy","properties":{"myForceValue":9.8,"myValues":{"Volume":1.0,"Density":1.0},"myXComponent":0.0,"myYComponent":0.0,"myMagnitude":9.8}},"Gravity":{"type":"Gravity","properties":{"myForceValue":98.0,"myValues":{"Mass":1.0,"GravityConstant":10.0},"myXComponent":0.0,"myYComponent":1.0,"myMagnitude":98.0}}},"myConstants":{"Mass":{"type":"Mass","properties":{"myValue":1.0,"myAssociatedForces":["Gravity"]}},"Volume":{"type":"Volume","properties":{"myValue":1.0,"myAssociatedForces":["Buoyancy"]}},"CollisionConstant":{"type":"CollisionConstant","properties":{"myValue":0.0,"myAssociatedForces":[]}},"GravityConstant":{"type":"GravityConstant","properties":{"myValue":10.0,"myAssociatedForces":["Gravity"]}},"Density":{"type":"Density","properties":{"myValue":1.0,"myAssociatedForces":["Buoyancy"]}}},"myCollisionBodyWidth":50.0,"myCollisionBodyHeight":50.0},"myHeight":50.0,"myWidth":50.0,"myXCoord":0.0,"myYCoord":400.0,"myCollision":false,"enabled":false,"myDefaultData":{"myRotation":0.0,"myHeight":50.0,"myWidth":50.0,"myXCoord":0.0,"myYCoord":400.0,"myCurrentImageName":"1-Up Mushroom.gif","myComponents":[]},"myId":{"myType":"mushroom","myUniqueId":"Template"},"collisionEnabled":false}]},"myImages":{"myObjects":[]},"mySounds":{"myObjects":[]}}